"pressure_anomalies","volt_anomalies","vibration_anomalies","rotate_anomalies","age"
1,-0.00152908095678194,0.133556921140424,-0.00648455415221343,0.219023175607001
-0.00152908095678194,1,0.096235965299112,-0.0230126569703699,-0.0625490990877054
0.133556921140424,0.096235965299112,1,0.144274824314008,0.157725594752111
-0.00648455415221343,-0.0230126569703699,0.144274824314008,1,0.112026839247616
0.219023175607001,-0.0625490990877054,0.157725594752111,0.112026839247616,1
