"model","avg_pressure_anomalies","avg_volt_anomalies","avg_vibration_anomalies","avg_rotate_anomalies","avg_age"
"model1",358.8125,333.625,349,337.9375,12.25
"model2",353.764705882353,340.117647058824,345.705882352941,337.823529411765,12.7647058823529
"model3",345.114285714286,342.371428571429,345.6,342.4,12.0285714285714
"model4",342.4375,342.75,344.6875,339.1875,9.34375
